,ONLY CLOUD CASE,,,,,,,,,,,,FOG-CLOUD COOPERATION CASE,,,
,10%,,,,46%,,,,100%,,,,100%,,,
,Secconds,,Minutes,,Secconds,,Minutes,,Secconds,,Minutes,,Secconds,,Minutes,
,Begin,End,Begin,End,Begin,End,Begin,End,Begin,End,Begin,End,Begin,End,Begin,End
,7045,7188,117,120,7078,7131,118,119,6808,6881,113,115,6808,6814,113,114
,7055,7167,118,119,6759,6813,113,114,6912,6928,115,115,6912,6914,115,115
,6943,7026,116,117,6777,6793,113,113,6914,7000,115,117,6914,6921,115,115
,6960,7026,116,117,7148,7175,119,120,7097,7175,118,120,7097,7103,118,118
,7156,7347,119,122,6936,6995,116,117,7085,7103,118,118,7085,7086,118,118
,7008,7202,117,120,6937,7014,116,117,7196,7284,120,121,7196,7204,120,120
,7037,7099,117,118,7185,7256,120,121,7126,7187,119,120,7126,7131,119,119
,6665,6710,111,112,7079,7132,118,119,7060,7154,118,119,7060,7068,118,118
,6821,6873,114,115,6760,6814,113,114,7194,7282,120,121,7194,7201,120,120
,7127,7327,119,122,6778,6794,113,113,6992,7089,117,118,6992,7000,117,117
,7106,7169,118,119,7149,7176,119,120,6625,6664,110,111,6625,6628,110,110
,7108,7316,118,122,6937,6996,116,117,7199,7283,120,121,7199,7206,120,120
,6805,6835,113,114,6938,7015,116,117,7037,7083,117,118,7037,7040,117,117
,7156,7308,119,122,7186,7257,120,121,7049,7092,117,118,7049,7053,117,118
,6606,6662,110,111,7080,7133,118,119,7194,7261,120,121,7194,7200,120,120
,6962,7097,116,118,6761,6815,113,114,6940,6969,116,116,6940,6942,116,116
,6768,6872,113,115,6779,6795,113,113,7056,7070,118,118,7056,7057,118,118
,7061,7367,118,123,7150,7177,119,120,7100,7169,118,119,7100,7106,118,118
,6667,6723,111,112,6938,6997,116,117,6981,7007,116,117,6981,6983,116,116
,6708,6731,112,112,6939,7016,116,117,7177,7274,120,121,7177,7185,120,120
,7159,7389,119,123,7187,7258,120,121,6945,7016,116,117,6945,6951,116,116
,7125,7214,119,120,7081,7134,118,119,6978,7062,116,118,6978,6985,116,116
,7009,7167,117,119,6762,6816,113,114,7108,7193,118,120,7108,7115,118,119
,7006,7115,117,119,6780,6796,113,113,7019,7107,117,118,7019,7026,117,117
,7061,7282,118,121,7151,7178,119,120,7023,7114,117,119,7023,7030,117,117
,7167,7371,119,123,6939,6998,116,117,7023,7104,117,118,7023,7030,117,117
,6951,7020,116,117,6940,7017,116,117,7054,7080,118,118,7054,7056,118,118
,7050,7361,117,123,7188,7259,120,121,7171,7199,120,120,7171,7173,120,120
,6725,6836,112,114,7082,7135,118,119,6923,6963,115,116,6923,6926,115,115
,6741,6819,112,114,6763,6817,113,114,7029,7076,117,118,7029,7033,117,117
,7058,7564,118,126,6781,6797,113,113,6952,7003,116,117,6952,6956,116,116
,6766,7587,113,126,7152,7179,119,120,7133,7225,119,120,7133,7140,119,119
,6977,8467,116,141,6940,6999,116,117,6975,7088,116,118,6975,6983,116,116
,7177,8219,120,137,6941,7018,116,117,7031,7116,117,119,7031,7037,117,117
,7194,8254,120,138,7189,7260,120,121,7175,7232,120,121,7175,7180,120,120
,6712,8324,112,139,7083,7136,118,119,7027,7105,117,118,7027,7033,117,117
,6997,7372,117,123,6764,6818,113,114,6922,6978,115,116,6922,6926,115,115
,7019,8029,117,134,6782,6798,113,113,7028,7107,117,118,7028,7034,117,117
,6674,8378,111,140,7153,7180,119,120,7155,7242,119,121,7155,7161,119,119
,7176,8392,120,140,6941,7000,116,117,6998,7089,117,118,6998,7005,117,117
,6654,7072,111,118,6942,7019,116,117,7162,7229,119,120,7162,7167,119,119
,6672,7097,111,118,7190,7261,120,121,7183,7245,120,121,7183,7188,120,120
,7007,8309,117,138,7084,7137,118,119,7032,7087,117,118,7032,7036,117,117
,7117,8479,119,141,6765,6819,113,114,7172,7190,120,120,7172,7173,120,120
,6953,8144,116,136,6783,6799,113,113,6788,6874,113,115,6788,6794,113,113
,7152,8319,119,139,7154,7181,119,120,7170,7269,119,121,7170,7177,119,120
,6828,7702,114,128,6942,7001,116,117,7178,7201,120,120,7178,7179,120,120
,6629,7634,110,127,6943,7020,116,117,6747,6836,112,114,6747,6754,112,113
,6608,7684,110,128,7191,7262,120,121,6976,7065,116,118,6976,6982,116,116
,6974,7688,116,128,7085,7138,118,119,6951,6966,116,116,6951,6952,116,116
,6993,10609,117,177,6766,6820,113,114,7152,7239,119,121,7152,7158,119,119
,6645,10314,111,172,6784,6800,113,113,6620,6664,110,111,6620,6623,110,110
,7062,9301,118,155,7155,7182,119,120,6994,7059,117,118,6994,6999,117,117
,7004,10400,117,173,6943,7002,116,117,6621,6644,110,111,6621,6623,110,110
,7017,10806,117,180,6944,7021,116,117,7127,7244,119,121,7127,7134,119,119
,6604,6845,110,114,7192,7263,120,121,6677,6773,111,113,6677,6685,111,111
,7119,11103,119,185,7086,7139,118,119,7042,7084,117,118,7042,7045,117,117
,6792,9724,113,162,6767,6821,113,114,6617,6674,110,111,6617,6621,110,110
,6672,8597,111,143,6785,6801,113,113,6680,6785,111,113,6680,6688,111,111
,6973,10422,116,174,7156,7183,119,120,6907,6929,115,115,6907,6909,115,115
,7147,7993,119,133,6944,7003,116,117,7097,7137,118,119,7097,7099,118,118
,6940,8963,116,149,6945,7022,116,117,7099,7196,118,120,7099,7106,118,118
,6663,8055,111,134,7193,7264,120,121,6718,6764,112,113,6718,6722,112,112
,7094,10325,118,172,7087,7140,118,119,7043,7124,117,119,7043,7049,117,117
,6926,10237,115,171,6768,6822,113,114,7113,7167,119,119,7113,7116,119,119
,7108,9545,118,159,6786,6802,113,113,6624,6658,110,111,6624,6627,110,110
,6923,11102,115,185,7157,7184,119,120,7141,7256,119,121,7141,7149,119,119
,6608,6781,110,113,6945,7004,116,117,6640,6719,111,112,6640,6647,111,111
,6633,9558,111,159,6946,7023,116,117,7159,7214,119,120,7159,7162,119,119
,6618,9009,110,150,7194,7265,120,121,6905,7004,115,117,6905,6913,115,115
,7039,10060,117,168,7088,7141,118,119,7032,7145,117,119,7032,7040,117,117
,7154,11209,119,187,6769,6823,113,114,7024,7063,117,118,7024,7027,117,117
,6984,11161,116,186,6787,6803,113,113,7064,7111,118,119,7064,7067,118,118
,7175,10681,120,178,7158,7185,119,120,7092,7186,118,120,7092,7098,118,118
,7119,11230,119,187,6946,7005,116,117,6942,7022,116,117,6942,6948,116,116
,6613,7403,110,123,6947,7024,116,117,7090,7141,118,119,7090,7094,118,118
,6612,7597,110,127,7195,7266,120,121,6774,6798,113,113,6774,6776,113,113
,6991,10132,117,169,7089,7142,118,119,6707,6749,112,112,6707,6710,112,112
,7013,11245,117,187,6770,6824,113,114,6907,6999,115,117,6907,6914,115,115
,6925,11220,115,187,6788,6804,113,113,6997,7063,117,118,6997,7002,117,117
,7064,11175,118,186,7159,7186,119,120,6830,6915,114,115,6830,6837,114,114
,7040,10337,117,172,6947,7006,116,117,7177,7290,120,122,7177,7185,120,120
,6913,9609,115,160,6948,7025,116,117,7005,7093,117,118,7005,7011,117,117
,6930,10857,115,181,7196,7267,120,121,7113,7226,119,120,7113,7119,119,119
,7034,10853,117,181,7090,7143,118,119,7106,7135,118,119,7106,7108,118,118
,6824,8906,114,148,6771,6825,113,114,6666,6749,111,112,6666,6673,111,111
,7160,11001,119,183,6789,6805,113,113,6830,6873,114,115,6830,6834,114,114
,6974,8230,116,137,7160,7187,119,120,7147,7231,119,121,7147,7153,119,119
,7162,10977,119,183,6948,7007,116,117,7074,7098,118,118,7074,7076,118,118
,7015,11200,117,187,6949,7026,116,117,6949,6967,116,116,6949,6950,116,116
,6923,8804,115,147,7197,7268,120,121,6937,7014,116,117,6937,6943,116,116
,7033,9916,117,165,7091,7144,118,119,6954,6973,116,116,6954,6956,116,116
,6670,11043,111,184,6772,6826,113,114,6965,7018,116,117,6965,6969,116,116
,7127,9447,119,157,6790,6806,113,113,6752,6826,113,114,6752,6758,113,113
,6963,10490,116,175,7161,7188,119,120,6665,6717,111,112,6665,6669,111,111
,6993,8062,117,134,6949,7008,116,117,7189,7253,120,121,7189,7193,120,120
,6654,7461,111,124,6950,7027,116,117,7013,7074,117,118,7013,7017,117,117
,6732,11827,112,197,7198,7269,120,121,7153,7225,119,120,7153,7157,119,119
,7001,11352,117,189,7092,7145,118,119,6929,6944,115,116,6929,6930,115,115
,7195,12248,120,204,6773,6827,113,114,6732,6773,112,113,6732,6735,112,112
,7026,10963,117,183,6791,6807,113,113,6969,7081,116,118,6969,6974,116,116
,7122,11011,119,184,7162,7189,119,120,6939,7012,116,117,6939,6943,116,116
,6791,11760,113,196,6950,7009,116,117,6955,7030,116,117,6955,6958,116,116
,7075,10427,118,174,6951,7028,116,117,7029,7140,117,119,7029,7037,117,117
,6727,12161,112,203,7199,7270,120,121,7164,7235,119,121,7164,7168,119,119
,6745,9974,112,166,7093,7146,118,119,6826,6879,114,115,6826,6830,114,114
,7131,11604,119,193,6774,6828,113,114,6827,6922,114,115,6827,6834,114,114
,6838,7906,114,132,6792,6808,113,113,7134,7250,119,121,7134,7142,119,119
,7125,11856,119,198,7163,7190,119,120,6693,6709,112,112,6693,6694,112,112
,6800,11918,113,199,6951,7010,116,117,7100,7222,118,120,7100,7108,118,118
,6609,9273,110,155,6952,7029,116,117,6931,7017,116,117,6931,6937,116,116
,6610,7297,110,122,7200,7271,120,121,6646,6690,111,112,6646,6649,111,111
,6639,11213,111,187,7094,7147,118,119,6993,7022,117,117,6993,6995,117,117
,7141,12001,119,200,6775,6829,113,114,6984,7106,116,118,6984,6990,116,117
,6804,11384,113,190,6793,6809,113,113,6950,7031,116,117,6950,6955,116,116
,7036,11974,117,200,7164,7191,119,120,7154,7246,119,121,7154,7160,119,119
,7195,11325,120,189,6952,7011,116,117,6988,7111,116,119,6988,6994,116,117
,6939,11987,116,200,6953,7030,116,117,7179,7238,120,121,7179,7182,120,120
,7198,12206,120,203,7201,7272,120,121,6723,6826,112,114,6723,6731,112,112
,7089,12257,118,204,7095,7148,118,119,7058,7176,118,120,7058,7066,118,118
,7015,10767,117,179,6776,6830,113,114,6902,6985,115,116,6902,6907,115,115
,7156,10178,119,170,6794,6810,113,113,6960,7077,116,118,6960,6968,116,116
,6768,11489,113,191,7165,7192,119,120,6724,6744,112,112,6724,6726,112,112
,6715,11800,112,197,6953,7012,116,117,7155,7209,119,120,7155,7158,119,119
,6990,10834,116,181,6954,7031,116,117,6779,6874,113,115,6779,6787,113,113
,6639,10644,111,177,7202,7273,120,121,6948,6999,116,117,6948,6951,116,116
,7184,11797,120,197,7096,7149,118,119,6982,7088,116,118,6982,6987,116,116
,7062,12190,118,203,6777,6831,113,114,6692,6771,112,113,6692,6698,112,112
,6975,12247,116,204,6795,6811,113,114,6901,6927,115,115,6901,6903,115,115
,6913,11697,115,195,7166,7193,119,120,7042,7151,117,119,7042,7049,117,117
,7116,11464,119,191,6954,7013,116,117,7165,7272,119,121,7165,7172,119,120
,7058,10760,118,179,6955,7032,116,117,6789,6838,113,114,6789,6793,113,113
,7157,12225,119,204,7203,7274,120,121,6719,6737,112,112,6719,6721,112,112
,6965,10019,116,167,7097,7150,118,119,6816,6905,114,115,6816,6822,114,114
,7153,9113,119,152,6778,6832,113,114,6782,6828,113,114,6782,6786,113,113
,7024,11140,117,186,6796,6812,113,114,6966,6991,116,117,6966,6968,116,116
,7022,11822,117,197,7167,7194,119,120,6914,6965,115,116,6914,6918,115,115
,7020,8485,117,141,6955,7014,116,117,7179,7267,120,121,7179,7184,120,120
,7112,11956,119,199,6956,7033,116,117,6611,6722,110,112,6611,6620,110,110
,6909,10054,115,168,7204,7275,120,121,6976,7031,116,117,6976,6978,116,116
,7142,10964,119,183,7098,7151,118,119,7153,7191,119,120,7153,7155,119,119
,6712,12099,112,202,6779,6833,113,114,6705,6749,112,112,6705,6709,112,112
,7168,12227,119,204,6797,6813,113,114,6995,7047,117,117,6995,6997,117,117
,6694,9236,112,154,7168,7195,119,120,6832,6893,114,115,6832,6836,114,114
,7149,12006,119,200,6956,7015,116,117,7074,7104,118,118,7074,7076,118,118
,7096,10871,118,181,6957,7034,116,117,7127,7175,119,120,7127,7130,119,119
,7012,11698,117,195,7205,7276,120,121,7047,7158,117,119,7047,7055,117,118
,6798,7014,113,117,7099,7152,118,119,6987,7053,116,118,6987,6992,116,117
,6652,6725,111,112,6780,6834,113,114,7108,7127,118,119,7108,7110,118,118
,6918,7109,115,118,6798,6814,113,114,6972,7021,116,117,6972,6976,116,116
,6966,7762,116,129,7169,7196,119,120,7069,7140,118,119,7069,7075,118,118
,7070,7797,118,130,6957,7016,116,117,7014,7035,117,117,7014,7015,117,117
,6656,6788,111,113,6958,7035,116,117,7057,7129,118,119,7057,7063,118,118
,7025,7722,117,129,7206,7277,120,121,7025,7082,117,118,7025,7029,117,117
,6682,6794,111,113,7100,7153,118,119,7183,7249,120,121,7183,7188,120,120
,7170,7880,119,131,6781,6835,113,114,7070,7171,118,120,7070,7078,118,118
,6975,7810,116,130,6799,6815,113,114,6965,7035,116,117,6965,6970,116,116
,6826,7575,114,126,7170,7197,119,120,7134,7228,119,120,7134,7142,119,119
,6972,7141,116,119,6958,7017,116,117,7167,7254,119,121,7167,7174,119,120
,6814,6939,114,116,6959,7036,116,117,7153,7250,119,121,7153,7161,119,119
,6956,7855,116,131,7207,7278,120,121,7184,7279,120,121,7184,7192,120,120
,6694,6736,112,112,7101,7154,118,119,7096,7178,118,120,7096,7103,118,118
,6957,7702,116,128,6782,6836,113,114,7085,7172,118,120,7085,7092,118,118
,6983,7164,116,119,6800,6816,113,114,7042,7110,117,119,7042,7048,117,117
,6994,7490,117,125,7171,7198,120,120,6838,6894,114,115,6838,6842,114,114
,6977,7845,116,131,6959,7018,116,117,7019,7080,117,118,7019,7024,117,117
,7174,7791,120,130,6960,7037,116,117,6989,7008,116,117,6989,6990,116,117
,6938,7565,116,126,7208,7279,120,121,6612,6710,110,112,6612,6620,110,110
,7198,7885,120,131,7102,7155,118,119,6929,7028,115,117,6929,6937,115,116
,6823,6884,114,115,6783,6837,113,114,6733,6828,112,114,6733,6741,112,112
,7032,7644,117,127,6801,6817,113,114,6907,6999,115,117,6907,6914,115,115
,7184,7814,120,130,7172,7199,120,120,6661,6699,111,112,6661,6664,111,111
,7027,7820,117,130,6960,7019,116,117,6961,6977,116,116,6961,6962,116,116
,6905,7083,115,118,6961,7038,116,117,6755,6825,113,114,6755,6761,113,113
,6811,6905,114,115,7209,7280,120,121,7005,7102,117,118,7005,7013,117,117
,7072,7735,118,129,7103,7156,118,119,7030,7134,117,119,7030,7039,117,117
,6997,7535,117,126,6784,6838,113,114,6964,7043,116,117,6964,6970,116,116
