,,,,,,,,
,Begin,End,Begin,End,Begin,End,Begin,End
,117,120,118,119,113,115,113,114
,118,119,113,114,115,115,115,115
,116,117,113,113,115,117,115,115
,116,117,119,120,118,120,118,118
,119,122,116,117,118,118,118,118
,117,120,116,117,120,121,120,120
,117,118,120,121,119,120,119,119
,111,112,118,119,118,119,118,118
,114,115,113,114,120,121,120,120
,119,122,113,113,117,118,117,117
,118,119,119,120,110,111,110,110
,118,122,116,117,120,121,120,120
,113,114,116,117,117,118,117,117
,119,122,120,121,117,118,117,118
,110,111,118,119,120,121,120,120
,116,118,113,114,116,116,116,116
,113,115,113,113,118,118,118,118
,118,123,119,120,118,119,118,118
,111,112,116,117,116,117,116,116
,112,112,116,117,120,121,120,120
,119,123,120,121,116,117,116,116
,119,120,118,119,116,118,116,116
,117,119,113,114,118,120,118,119
,117,119,113,113,117,118,117,117
,118,121,119,120,117,119,117,117
,119,123,116,117,117,118,117,117
,116,117,116,117,118,118,118,118
,117,123,120,121,120,120,120,120
,112,114,118,119,115,116,115,115
,112,114,113,114,117,118,117,117
,118,126,113,113,116,117,116,116
,113,126,119,120,119,120,119,119
,116,141,116,117,116,118,116,116
,120,137,116,117,117,119,117,117
,120,138,120,121,120,121,120,120
,112,139,118,119,117,118,117,117
,117,123,113,114,115,116,115,115
,117,134,113,113,117,118,117,117
,111,140,119,120,119,121,119,119
,120,140,116,117,117,118,117,117
,111,118,116,117,119,120,119,119
,111,118,120,121,120,121,120,120
,117,138,118,119,117,118,117,117
,119,141,113,114,120,120,120,120
,116,136,113,113,113,115,113,113
,119,139,119,120,119,121,119,120
,114,128,116,117,120,120,120,120
,110,127,116,117,112,114,112,113
,110,128,120,121,116,118,116,116
,116,128,118,119,116,116,116,116
,117,177,113,114,119,121,119,119
,111,172,113,113,110,111,110,110
,118,155,119,120,117,118,117,117
,117,173,116,117,110,111,110,110
,117,180,116,117,119,121,119,119
,110,114,120,121,111,113,111,111
,119,185,118,119,117,118,117,117
,113,162,113,114,110,111,110,110
,111,143,113,113,111,113,111,111
,116,174,119,120,115,115,115,115
,119,133,116,117,118,119,118,118
,116,149,116,117,118,120,118,118
,111,134,120,121,112,113,112,112
,118,172,118,119,117,119,117,117
,115,171,113,114,119,119,119,119
,118,159,113,113,110,111,110,110
,115,185,119,120,119,121,119,119
,110,113,116,117,111,112,111,111
,111,159,116,117,119,120,119,119
,110,150,120,121,115,117,115,115
,117,168,118,119,117,119,117,117
,119,187,113,114,117,118,117,117
,116,186,113,113,118,119,118,118
,120,178,119,120,118,120,118,118
,119,187,116,117,116,117,116,116
,110,123,116,117,118,119,118,118
,110,127,120,121,113,113,113,113
,117,169,118,119,112,112,112,112
,117,187,113,114,115,117,115,115
,115,187,113,113,117,118,117,117
,118,186,119,120,114,115,114,114
,117,172,116,117,120,122,120,120
,115,160,116,117,117,118,117,117
,115,181,120,121,119,120,119,119
,117,181,118,119,118,119,118,118
,114,148,113,114,111,112,111,111
,119,183,113,113,114,115,114,114
,116,137,119,120,119,121,119,119
,119,183,116,117,118,118,118,118
,117,187,116,117,116,116,116,116
,115,147,120,121,116,117,116,116
,117,165,118,119,116,116,116,116
,111,184,113,114,116,117,116,116
,119,157,113,113,113,114,113,113
,116,175,119,120,111,112,111,111
,117,134,116,117,120,121,120,120
,111,124,116,117,117,118,117,117
,112,197,120,121,119,120,119,119
,117,189,118,119,115,116,115,115
,120,204,113,114,112,113,112,112
,117,183,113,113,116,118,116,116
,119,184,119,120,116,117,116,116
,113,196,116,117,116,117,116,116
,118,174,116,117,117,119,117,117
,112,203,120,121,119,121,119,119
,112,166,118,119,114,115,114,114
,119,193,113,114,114,115,114,114
,114,132,113,113,119,121,119,119
,119,198,119,120,112,112,112,112
,113,199,116,117,118,120,118,118
,110,155,116,117,116,117,116,116
,110,122,120,121,111,112,111,111
,111,187,118,119,117,117,117,117
,119,200,113,114,116,118,116,117
,113,190,113,113,116,117,116,116
,117,200,119,120,119,121,119,119
,120,189,116,117,116,119,116,117
,116,200,116,117,120,121,120,120
,120,203,120,121,112,114,112,112
,118,204,118,119,118,120,118,118
,117,179,113,114,115,116,115,115
,119,170,113,113,116,118,116,116
,113,191,119,120,112,112,112,112
,112,197,116,117,119,120,119,119
,116,181,116,117,113,115,113,113
,111,177,120,121,116,117,116,116
,120,197,118,119,116,118,116,116
,118,203,113,114,112,113,112,112
,116,204,113,114,115,115,115,115
,115,195,119,120,117,119,117,117
,119,191,116,117,119,121,119,120
,118,179,116,117,113,114,113,113
,119,204,120,121,112,112,112,112
,116,167,118,119,114,115,114,114
,119,152,113,114,113,114,113,113
,117,186,113,114,116,117,116,116
,117,197,119,120,115,116,115,115
,117,141,116,117,120,121,120,120
,119,199,116,117,110,112,110,110
,115,168,120,121,116,117,116,116
,119,183,118,119,119,120,119,119
,112,202,113,114,112,112,112,112
,119,204,113,114,117,117,117,117
,112,154,119,120,114,115,114,114
,119,200,116,117,118,118,118,118
,118,181,116,117,119,120,119,119
,117,195,120,121,117,119,117,118
,113,117,118,119,116,118,116,117
,111,112,113,114,118,119,118,118
,115,118,113,114,116,117,116,116
,116,129,119,120,118,119,118,118
,118,130,116,117,117,117,117,117
,111,113,116,117,118,119,118,118
,117,129,120,121,117,118,117,117
,111,113,118,119,120,121,120,120
,119,131,113,114,118,120,118,118
,116,130,113,114,116,117,116,116
,114,126,119,120,119,120,119,119
,116,119,116,117,119,121,119,120
,114,116,116,117,119,121,119,119
,116,131,120,121,120,121,120,120
,112,112,118,119,118,120,118,118
,116,128,113,114,118,120,118,118
,116,119,113,114,117,119,117,117
,117,125,120,120,114,115,114,114
,116,131,116,117,117,118,117,117
,120,130,116,117,116,117,116,117
,116,126,120,121,110,112,110,110
,120,131,118,119,115,117,115,116
,114,115,113,114,112,114,112,112
,117,127,113,114,115,117,115,115
,120,130,120,120,111,112,111,111
,117,130,116,117,116,116,116,116
,115,118,116,117,113,114,113,113
,114,115,120,121,117,118,117,117
,118,129,118,119,117,119,117,117
,117,126,113,114,116,117,116,116
